Title,Date
"Old Dads","22/10/23"
"Love at First Sight","20/10/23"
"Workin' Moms: Season 7: Ohmygodohmygodohmygod","20/10/23"
"Inventing Anna: Limited Series: Dangerously Close","19/10/23"
"Inventing Anna: Limited Series: Too Rich for Her Blood","17/10/23"
"Inventing Anna: Limited Series: Cash on Delivery","16/10/23"
"Inventing Anna: Limited Series: Friends in Low Places","14/10/23"
"Inventing Anna: Limited Series: Check Out Time","13/10/23"
"Inventing Anna: Limited Series: A Wolf in Chic Clothing","12/10/23"
"Inventing Anna: Limited Series: Two Birds, One Throne","11/10/23"
"Inventing Anna: Limited Series: The Devil Wore Anna","05/10/23"
"The Office (U.S.): Season 3: The Coup","30/09/23"
"The Office (U.S.): Season 7: Michael's Last Dundies","30/09/23"
"Inventing Anna: Limited Series: Life of a VIP","28/09/23"
"Bridgerton: Season 1: Diamond of the First Water","10/09/23"
"Queen Charlotte: A Bridgerton Story: Crown Jewels","10/09/23"
"Queen Charlotte: A Bridgerton Story: Gardens in Bloom","08/09/23"
"Queen Charlotte: A Bridgerton Story: Holding the King","08/09/23"
"Queen Charlotte: A Bridgerton Story: Even Days","08/09/23"
"Queen Charlotte: A Bridgerton Story: Honeymoon Bliss","08/09/23"
"Queen Charlotte: A Bridgerton Story: Queen to Be","05/09/23"
"You People","05/09/23"
"Young Sheldon: Episode 1","04/09/23"
"You Are So Not Invited to My Bat Mitzvah","04/09/23"
"Bhool Bhulaiyaa 2","22/08/23"
"Heart of Stone","13/08/23"
"Mark Normand: Soup to Nuts","07/08/23"
"Lust Stories 2","02/07/23"
"Seinfeld: Season 2: The Heart Attack","27/06/23"
"Brooklyn Nine-Nine: Season 2: Captain Peralta","21/06/23"
"Never Have I Ever: Season 4: ...said goodbye","12/06/23"
"Never Have I Ever: Season 4: ...gone to prom","12/06/23"
"Never Have I Ever: Season 4: ...set my mom up","12/06/23"
"Never Have I Ever: Season 4: ...had an identity crisis","12/06/23"
"Never Have I Ever: Season 4: ...had my dream stolen","12/06/23"
"Never Have I Ever: Season 4: ...been to New Jersey","12/06/23"
"Never Have I Ever: Season 4: ...wrecked my future","12/06/23"
"Never Have I Ever: Season 4: ...liked a bad boy","12/06/23"
"Never Have I Ever: Season 4: ...gotten sweet revenge","12/06/23"
"Never Have I Ever: Season 4: ...lost my virginity","10/06/23"
"Missing","29/05/23"
"Vacation","21/05/23"
"Love: Season 2: A Day","08/05/23"
"A Tourist's Guide to Love","27/04/23"
"Love: Season 2: Shrooms","24/04/23"
"Love: Season 2: While You Were Sleeping","24/04/23"
"Love: Season 2: Friends Night Out","24/04/23"
"Love: Season 2: On Lockdown","24/04/23"
"Love: Season 1: The End of the Beginning","24/04/23"
"Love: Season 1: The Table Read","23/04/23"
"Love: Season 1: Closing Title Song","23/04/23"
"Love: Season 1: Magic","23/04/23"
"What the Love! with Karan Johar: The What the Love! Singles Party","22/04/23"
"Love: Season 1: Andy","22/04/23"
"Love: Season 1: The Date","22/04/23"
"Love: Season 1: Party in the Hills","21/04/23"
"Love: Season 1: Tested","21/04/23"
"Love: Season 1: One Long Day","20/04/23"
"Love: Season 1: It Begins","20/04/23"
"Brooklyn Nine-Nine: Season 8: The Good Ones","19/04/23"
"The Incredible Jessica James","18/04/23"
"BEEF: Figures of Light","18/04/23"
"BEEF: Just Not All at the Same Time","18/04/23"
"Irresistible","10/04/23"
"Kabhi Haa Kabhi Naa","10/04/23"
"Oh Belinda","07/04/23"
"BEEF: I Am Inhabited by a Cry","07/04/23"
"BEEF: The Rapture of Being Alive","07/04/23"
"BEEF: The Birds Don't Sing, They Screech in Pain","06/04/23"
"Murder Mystery","06/04/23"
"Murder Mystery 2","06/04/23"
"Crashing: Episode 6","06/04/23"
"Crashing: Episode 5","05/04/23"
"Girls Trip","05/04/23"
"Crashing: Episode 4","05/04/23"
"Crashing: Episode 3","05/04/23"
"Crashing: Episode 2","05/04/23"
"Crashing: Episode 1","05/04/23"
"John Wick","04/04/23"
"Blended","04/04/23"
"Focus","01/04/23"
"The Interview","31/03/23"
"Couples Retreat","30/03/23"
"Sex/Life: Season 1: The Sound of the Suburbs","27/03/23"
"Sex/Life: Season 1: New New York","27/03/23"
"Sex/Life: Season 1: Empire State of Mind","27/03/23"
"Sex/Life: Season 1: Down in the Tube Station at Midnight","27/03/23"
"Sex/Life: Season 1: The Wives Are in Connecticut","27/03/23"
"Delhi Belly","27/03/23"
"Made of Honour","27/03/23"
"The Elephant Whisperers","17/03/23"
"Dil Dhadakne Do","11/03/23"
"Inside Man","11/03/23"
"Get Smart With Money","09/03/23"
"Perfect Match: Season 1: Game, Set, Perfect Match","03/03/23"
"Perfect Match: Season 1: Back in the Mix","03/03/23"
"Rocketman","01/03/23"
"Perfect Match: Season 1: Making Waves","28/02/23"
"Perfect Match: Season 1: Love It or Leave It","28/02/23"
"Physical: 100: Season 1: The Pecking Order","28/02/23"
"Qala","26/02/23"
"Mimi","26/02/23"
"Doctor G","25/02/23"
"Perfect Match: Season 1: Mixes and Matches","25/02/23"
"Perfect Match: Season 1: Circling Back","25/02/23"
"Brooklyn Nine-Nine: Season 7: Lights Out","24/02/23"
"Brooklyn Nine-Nine: Season 7: Ransom","24/02/23"
"Brooklyn Nine-Nine: Season 7: Valloweaster","24/02/23"
"The Romantics: Legacy","24/02/23"
"The Romantics: The New Guard","24/02/23"
"Brooklyn Nine-Nine: Season 7: The Takeback","24/02/23"
"Perfect Match: Season 1: Love Is Savage","24/02/23"
"The Romantics: Prodigal Son","24/02/23"
"The Romantics: The Boy from Jalandhar","23/02/23"
"Brooklyn Nine-Nine: Season 7: Admiral Peralta","23/02/23"
"Brooklyn Nine-Nine: Season 7: Dillman","23/02/23"
"Brooklyn Nine-Nine: Season 7: Ding Dong","22/02/23"
"Perfect Match: Season 1: Blind-Sided","22/02/23"
"Brooklyn Nine-Nine: Season 7: Trying","22/02/23"
"Brooklyn Nine-Nine: Season 7: Debbie","21/02/23"
"Brooklyn Nine-Nine: Season 7: The Jimmy Jab Games II","21/02/23"
"Brooklyn Nine-Nine: Season 7: Pimemento","21/02/23"
"Perfect Match: Season 1: Unfinished Business","21/02/23"
"Brooklyn Nine-Nine: Season 7: Captain Kim","21/02/23"
"The High Note","20/02/23"
"Steel Magnolias","20/02/23"
"Brooklyn Nine-Nine: Season 7: Manhunter","20/02/23"
"Big Mouth: Season 1: Everybody Bleeds","20/02/23"
"Big Mouth: Season 1: Ejaculation","19/02/23"
"Perfect Match: Season 1: Strike a Match","19/02/23"
"Perfect Match: Season 1: It's About the Chase","19/02/23"
"Workin' Moms: Season 6: Grow If You Want","19/02/23"
"Workin' Moms: Season 6: The Scary Things","19/02/23"
"Workin' Moms: Season 6: Bachelorette, But Make It Spooky","19/02/23"
"Workin' Moms: Season 6: The Break","18/02/23"
"Workin' Moms: Season 6: Buried","18/02/23"
"Workin' Moms: Season 6: Poke the Bear","18/02/23"
"Workin' Moms: Season 6: Goin' Fishin'","18/02/23"
"Workin' Moms: Season 6: Oh. Ohh. Ohhh.","18/02/23"
"Workin' Moms: Season 6: Jazz Addict","18/02/23"
"Your Place or Mine","17/02/23"
"Workin' Moms: Season 6: The Big One","17/02/23"
"Workin' Moms: Season 6: Bye Bye Goldie","17/02/23"
"Workin' Moms: Season 6: Warm Lunch","17/02/23"
"Workin' Moms: Season 6: Kate Fosters","17/02/23"
"Workin' Moms: Season 5: FACK","17/02/23"
"Workin' Moms: Season 5: Punch Dad","17/02/23"
"Workin' Moms: Season 5: Blue Angel","17/02/23"
"Workin' Moms: Season 5: Launch Pad to Trash Hole","17/02/23"
"Workin' Moms: Season 5: Finger in the Butt","17/02/23"
"Workin' Moms: Season 5: Mother Knows Breast","17/02/23"
"Workin' Moms: Season 5: A Rat, Girl","17/02/23"
"Workin' Moms: Season 5: Pleasure Yourself","16/02/23"
"Workin' Moms: Season 5: Mamma Mia Meatboy","16/02/23"
"Workin' Moms: Season 5: The Carlsons Move to Calgary","16/02/23"
"Workin' Moms: Season 4: Charlie and the Weed Factory","15/02/23"
"Workin' Moms: Season 4: Bad Reputation","15/02/23"
"Perfect Match: Season 1: Love Is the End Game","15/02/23"
"Workin' Moms: Season 4: Lice","15/02/23"
"Workin' Moms: Season 4: To Lure a Squirrel","14/02/23"
"Workin' Moms: Season 4: No One's Coming","14/02/23"
"Workin' Moms: Season 4: The Man in the Mexican Mask","14/02/23"
"Workin' Moms: Season 4: Black Sheep","14/02/23"
"Workin' Moms: Season 4: Charade","14/02/23"
"Workin' Moms: Season 3: What's It Gonna Be","14/02/23"
"Workin' Moms: Season 3: Two Paths","14/02/23"
"Workin' Moms: Season 3: Business Boyz","13/02/23"
"Workin' Moms: Season 3: Creamed","13/02/23"
"Workin' Moms: Season 3: Guns 'n' Deception","13/02/23"
"Workin' Moms: Season 3: Girls' Trip","13/02/23"
"Workin' Moms: Season 3: Revenge Fantasy","13/02/23"
"Workin' Moms: Season 3: Narls in Charge","13/02/23"
"Workin' Moms: Season 3: Stand for Something","13/02/23"
"Workin' Moms: Season 3: Training Day","13/02/23"
"Workin' Moms: Season 3: Daddy's Home","13/02/23"
"Workin' Moms: Season 3: Of Rights and Men","12/02/23"
"Workin' Moms: Season 3: Birth Daze","12/02/23"
"Workin' Moms: Season 2: Look Back","12/02/23"
"Workin' Moms: Season 2: If Women Had to Give Birth","12/02/23"
"Workin' Moms: Season 2: Trash Panda","12/02/23"
"Workin' Moms: Season 2: Cuck","11/02/23"
"Workin' Moms: Season 2: Spirit Animal","11/02/23"
"Workin' Moms: Season 2: Red Handed","11/02/23"
"Workin' Moms: Season 1: Finale","11/02/23"
"Workin' Moms: Season 2: Retreat","10/02/23"
"Workin' Moms: Season 2: Shame Spiral","10/02/23"
"Workin' Moms: Season 2: Consent","10/02/23"
"Workin' Moms: Season 2: The Holy Hole","10/02/23"
"Workin' Moms: Season 2: The Sign","10/02/23"
"Workin' Moms: Season 2: Good Mom","10/02/23"
"Workin' Moms: Season 2: 2005","10/02/23"
"Workin' Moms: Season 1: Merde","10/02/23"
"Workin' Moms: Season 1: Bye Bye Kate","10/02/23"
"Workin' Moms: Season 1: The Coxswain","10/02/23"
"Workin' Moms: Season 1: Tricky Nipple","10/02/23"
"Workin' Moms: Season 1: Popsicle and a Hoop Earring","10/02/23"
"Workin' Moms: Season 1: Phoenix Rising","10/02/23"
"Workin' Moms: Season 1: The Wolf and the Rabbit","10/02/23"
"Brooklyn Nine-Nine: Season 6: The Suicide Squad","10/02/23"
"Brooklyn Nine-Nine: Season 6: Sicko","10/02/23"
"Brooklyn Nine-Nine: Season 6: Cinco de Mayo","09/02/23"
"Brooklyn Nine-Nine: Season 6: Return of the King","09/02/23"
"Brooklyn Nine-Nine: Season 6: Ticking Clocks","09/02/23"
"Brooklyn Nine-Nine: Season 6: The Bimbo","09/02/23"
"Brooklyn Nine-Nine: Season 6: Casecation","09/02/23"
"Brooklyn Nine-Nine: Season 6: The Therapist","09/02/23"
"Brooklyn Nine-Nine: Season 6: Gintars","09/02/23"
"Workin' Moms: Season 1: Sophie's Choice-ish","09/02/23"
"Brooklyn Nine-Nine: Season 6: The Golden Child","08/02/23"
"Brooklyn Nine-Nine: Season 6: He Said, She Said","08/02/23"
"Brooklyn Nine-Nine: Season 6: The Honeypot","08/02/23"
"Brooklyn Nine-Nine: Season 6: The Crime Scene","08/02/23"
"Brooklyn Nine-Nine: Season 6: A Tale of Two Bandits","08/02/23"
"Brooklyn Nine-Nine: Season 6: Four Movements","08/02/23"
"Brooklyn Nine-Nine: Season 6: The Tattler","08/02/23"
"Workin' Moms: Season 1: Bad Help","06/02/23"
"Workin' Moms: Season 1: Fem Card","06/02/23"
"Workin' Moms: Season 1: Rules","06/02/23"
"Workin' Moms: Season 1: Pilot","06/02/23"
"Brooklyn Nine-Nine: Season 6: Hitchcock & Scully","06/02/23"
"Brooklyn Nine-Nine: Season 6: Honeymoon","06/02/23"
"Brooklyn Nine-Nine: Season 5: Jake & Amy","05/02/23"
"Brooklyn Nine-Nine: Season 5: White Whale","05/02/23"
"Brooklyn Nine-Nine: Season 5: Show Me Going","05/02/23"
"Brooklyn Nine-Nine: Season 5: Bachelor/ette Party","05/02/23"
"Brooklyn Nine-Nine: Season 5: Gray Star Mutual","05/02/23"
"Girls5eva: Season 1: Separ8 Ways","05/02/23"
"Girls5eva: Season 1: A.I.R.P.I.G.","05/02/23"
"Girls5eva: Season 1: Cease and Desist","04/02/23"
"Girls5eva: Season 1: Catskills","04/02/23"
"Girls5eva: Season 1: Carma","04/02/23"
"Girls5eva: Season 1: Alf Musik","04/02/23"
"Girls5eva: Season 1: D'wasg","03/02/23"
"Girls5eva: Season 1: Pilot","03/02/23"
"Failure to Launch","03/02/23"
"Brooklyn Nine-Nine: Season 5: DFW","03/02/23"
"Brooklyn Nine-Nine: Season 5: NutriBoom","03/02/23"
"Brooklyn Nine-Nine: Season 5: The Puzzle Master","03/02/23"
"Brooklyn Nine-Nine: Season 5: The Box","03/02/23"
"Brooklyn Nine-Nine: Season 5: The Negotiation","02/02/23"
"Brooklyn Nine-Nine: Season 5: Safe House","02/02/23"
"Brooklyn Nine-Nine: Season 5: The Favor","02/02/23"
"Brooklyn Nine-Nine: Season 5: Game Night","02/02/23"
"Brooklyn Nine-Nine: Season 5: 99","02/02/23"
"Brooklyn Nine-Nine: Season 5: Return to Skyfire","01/02/23"
"Brooklyn Nine-Nine: Season 5: Two Turkeys","01/02/23"
"Brooklyn Nine-Nine: Season 5: The Venue","01/02/23"
"Brooklyn Nine-Nine: Season 5: Bad Beat","01/02/23"
"Brooklyn Nine-Nine: Season 5: HalloVeen","01/02/23"
"Brooklyn Nine-Nine: Season 5: Kicks","01/02/23"
"Brooklyn Nine-Nine: Season 5: The Big House, Pt. 2","31/01/23"
"Brooklyn Nine-Nine: Season 5: The Big House, Pt. 1","31/01/23"
"Brooklyn Nine-Nine: Season 4: Crime & Punishment","31/01/23"
"Brooklyn Nine-Nine: Season 4: The Bank Job","31/01/23"
"Brooklyn Nine-Nine: Season 4: The Slaughterhouse","31/01/23"
"Brooklyn Nine-Nine: Season 4: Your Honor","31/01/23"
"Brooklyn Nine-Nine: Season 4: Chasing Amy","30/01/23"
"Brooklyn Nine-Nine: Season 4: Cop-Con","30/01/23"
"Brooklyn Nine-Nine: Season 4: Moo Moo","30/01/23"
"Brooklyn Nine-Nine: Season 4: The Last Ride","30/01/23"
"Brooklyn Nine-Nine: Season 4: Serve & Protect","30/01/23"
"Brooklyn Nine-Nine: Season 4: The Audit","29/01/23"
"Brooklyn Nine-Nine: Season 4: The Fugitive: Part 2","29/01/23"
"Brooklyn Nine-Nine: Season 4: The Fugitive: Part 1","29/01/23"
"Brooklyn Nine-Nine: Season 4: Captain Latvia","29/01/23"
"Brooklyn Nine-Nine: Season 4: The Overmining","29/01/23"
"Brooklyn Nine-Nine: Season 4: Skyfire Cycle","29/01/23"
"Brooklyn Nine-Nine: Season 4: Mr. Santiago","29/01/23"
"Brooklyn Nine-Nine: Season 4: Monster in the Closet","29/01/23"
"Brooklyn Nine-Nine: Season 4: Halloween IV","29/01/23"
"Brooklyn Nine-Nine: Season 4: The Night Shift","29/01/23"
"Brooklyn Nine-Nine: Season 4: Coral Palms: Part 3","29/01/23"
"Brooklyn Nine-Nine: Season 4: Coral Palms: Part 2","28/01/23"
"Brooklyn Nine-Nine: Season 4: Coral Palms: Part 1","27/01/23"
"Brooklyn Nine-Nine: Season 3: The Bureau","27/01/23"
"Brooklyn Nine-Nine: Season 3: Greg and Larry","27/01/23"
"Brooklyn Nine-Nine: Season 3: Maximum Security","27/01/23"
"Brooklyn Nine-Nine: Season 3: Paranoia","27/01/23"
"Brooklyn Nine-Nine: Season 3: Terry Kitties","27/01/23"
"Brooklyn Nine-Nine: Season 3: Cheddar","27/01/23"
"Wet Hot American Summer: First Day of Camp: Campers Arrive","27/01/23"
"Brooklyn Nine-Nine: Season 3: Adrian Pimento","26/01/23"
"Brooklyn Nine-Nine: Season 3: House Mouses","26/01/23"
"Uncoupled: Chapter 8","26/01/23"
"Uncoupled: Chapter 7","26/01/23"
"Uncoupled: Chapter 6","26/01/23"
"Uncoupled: Chapter 5","26/01/23"
"Uncoupled: Chapter 4","26/01/23"
"Uncoupled: Chapter 3","26/01/23"
"Uncoupled: Chapter 2","26/01/23"
"Uncoupled: Chapter 1","26/01/23"
"Brooklyn Nine-Nine: Season 3: The 9-8","26/01/23"
"Wet Hot American Summer: First Day of Camp: Activities","26/01/23"
"Wet Hot American Summer: First Day of Camp: Lunch","26/01/23"
"Brooklyn Nine-Nine: Season 3: Karen Peralta","26/01/23"
"Brooklyn Nine-Nine: Season 3: Hostage Situation","26/01/23"
"Brooklyn Nine-Nine: Season 3: The Cruise","26/01/23"
"Brooklyn Nine-Nine: Season 3: 9 Days","26/01/23"
"Brooklyn Nine-Nine: Season 3: Ava","25/01/23"
"Brooklyn Nine-Nine: Season 3: Yippie Kayak","25/01/23"
"Brooklyn Nine-Nine: Season 3: The Swedes","25/01/23"
"Brooklyn Nine-Nine: Season 3: The Mattress","25/01/23"
"Brooklyn Nine-Nine: Season 3: Into the Woods","25/01/23"
"Brooklyn Nine-Nine: Season 3: Halloween Part III","25/01/23"
"Brooklyn Nine-Nine: Season 3: The Oolong Slayer","25/01/23"
"Brooklyn Nine-Nine: Season 3: Boyle's Hunch","25/01/23"
"Brooklyn Nine-Nine: Season 3: The Funeral","25/01/23"
"Brooklyn Nine-Nine: Season 3: New Captain","25/01/23"
"Brooklyn Nine-Nine: Season 2: Johnny and Dora","25/01/23"
"Brooklyn Nine-Nine: Season 2: The Chopper","25/01/23"
"Brooklyn Nine-Nine: Season 2: Det. Dave Majors","25/01/23"
"Brooklyn Nine-Nine: Season 2: AC/DC","25/01/23"
"Brooklyn Nine-Nine: Season 2: Sabotage","24/01/23"
"Brooklyn Nine-Nine: Season 2: Boyle-Linetti Wedding","24/01/23"
"Brooklyn Nine-Nine: Season 2: The Wednesday Incident","24/01/23"
"Brooklyn Nine-Nine: Season 2: Windbreaker City","24/01/23"
"Brooklyn Nine-Nine: Season 2: The Defense Rests","24/01/23"
"Brooklyn Nine-Nine: Season 2: Payback","24/01/23"
"Brooklyn Nine-Nine: Season 2: Beach House","24/01/23"
"Brooklyn Nine-Nine: Season 2: Stakeout","23/01/23"
"Brooklyn Nine-Nine: Season 2: The Pontiac Bandit Returns","23/01/23"
"Brooklyn Nine-Nine: Season 2: The Road Trip","23/01/23"
"Brooklyn Nine-Nine: Season 2: USPIS","23/01/23"
"#blackAF: i know you may not get this, but the reason we deserve a vacation is... because of slavery","23/01/23"
"#blackAF: i know this is going to sound crazy... but this, too, is because of slavery","23/01/23"
"#blackAF: hard to believe, but still because of slavery","23/01/23"
"#blackAF: yo, between you and me... this is because of slavery","23/01/23"
"#blackAF: yup, you guessed it. again, this is because of slavery","23/01/23"
"#blackAF: still... because of slavery","22/01/23"
"#blackAF: because of slavery too","22/01/23"
"#blackAF: because of slavery","22/01/23"
"Bling Empire: New York: A Bling Empire State of Mind","22/01/23"
"Brooklyn Nine-Nine: Season 2: Lockdown","22/01/23"
"That '90s Show: Kids in America","22/01/23"
"That '90s Show: Lip Smackers","22/01/23"
"That '90s Show: Dirty Double Booker","22/01/23"
"That '90s Show: Summer Storm","22/01/23"
"That '90s Show: Boyfriend Day One","22/01/23"
"That '90s Show: The Birthday Girl","22/01/23"
"That '90s Show: Step by Step","21/01/23"
"That '90s Show: Rave","21/01/23"
"That '90s Show: Free Leia","21/01/23"
"That '90s Show: That '90s Pilot","20/01/23"
"Brooklyn Nine-Nine: Season 2: Jake and Sophia","19/01/23"
"Brooklyn Nine-Nine: Season 2: The Mole","18/01/23"
"Brooklyn Nine-Nine: Season 2: Halloween II","18/01/23"
"Brooklyn Nine-Nine: Season 2: The Jimmy Jab Games","18/01/23"
"Brooklyn Nine-Nine: Season 2: Chocolate Milk","18/01/23"
"Brooklyn Nine-Nine: Season 2: Undercover","18/01/23"
"Brooklyn Nine-Nine: Season 1: Charges and Specs","17/01/23"
"Our Idiot Brother","17/01/23"
"Brooklyn Nine-Nine: Season 1: Unsolvable","17/01/23"
"Brooklyn Nine-Nine: Season 1: Fancy Brudgom","17/01/23"
"Brooklyn Nine-Nine: Season 1: Tactical Village","17/01/23"
"Brooklyn Nine-Nine: Season 1: The Apartment","17/01/23"
"Brooklyn Nine-Nine: Season 1: Full Boyle","17/01/23"
"Brooklyn Nine-Nine: Season 1: The Party","16/01/23"
"Brooklyn Nine-Nine: Season 1: Operation: Broken Feather","16/01/23"
"Brooklyn Nine-Nine: Season 1: The Ebony Falcon","16/01/23"
"Brooklyn Nine-Nine: Season 1: The Bet","16/01/23"
"Brooklyn Nine-Nine: Season 1: Pontiac Bandit","16/01/23"
"Brooklyn Nine-Nine: Season 1: Christmas","16/01/23"
"Brooklyn Nine-Nine: Season 1: Pilot","16/01/23"
"Brooklyn Nine-Nine: Season 1: Old School","16/01/23"
"Brooklyn Nine-Nine: Season 1: Thanksgiving","16/01/23"
"Brooklyn Nine-Nine: Season 1: Sal's Pizza","16/01/23"
"Brooklyn Nine-Nine: Season 1: 48 Hours","15/01/23"
"Brooklyn Nine-Nine: Season 1: Halloween","15/01/23"
"Brooklyn Nine-Nine: Season 1: The Vulture","15/01/23"
"Brooklyn Nine-Nine: Season 1: M.E. Time","15/01/23"
"Brooklyn Nine-Nine: Season 1: The Slump","15/01/23"
"Brooklyn Nine-Nine: Season 1: The Tagger","15/01/23"
"13 Going on 30","13/01/23"
"Brooklyn Nine-Nine: Season 8: The Last Day, Pt. 2","13/01/23"
"Brooklyn Nine-Nine: Season 8: The Last Day, Pt. 1","13/01/23"
"Brooklyn Nine-Nine: Season 8: Renewal","12/01/23"
"Brooklyn Nine-Nine: Season 8: Game of Boyles","12/01/23"
"Brooklyn Nine-Nine: Season 8: The Set Up","12/01/23"
"Brooklyn Nine-Nine: Season 8: PB & J","11/01/23"
"Notting Hill","11/01/23"
"Ginny & Georgia: Season 2: I'm No Cinderella","11/01/23"
"Ginny & Georgia: Season 2: Kill Gil","10/01/23"
"Ginny & Georgia: Season 2: Hark! Darkness Descends!","10/01/23"
"Ginny & Georgia: Season 2: Let Us Serenade the Sh*t Out of You","10/01/23"
"Ginny & Georgia: Season 2: A Very Merry Ginny & Georgia Christmas Special","10/01/23"
"Ginny & Georgia: Season 2: Latkes Are Lit","10/01/23"
"Ginny & Georgia: Season 2: Why Does Everything Have to Be So Terrible, All the Time, Forever?","09/01/23"
"Ginny & Georgia: Season 2: Happy My Birthday to You","09/01/23"
"Ginny & Georgia: Season 2: What Are You Playing at, Little Girl?","09/01/23"
"Ginny & Georgia: Season 2: Welcome Back, Bitches!","08/01/23"
"Ginny & Georgia: Season 1: Pilot","08/01/23"
"Brooklyn Nine-Nine: Season 8: Balancing","08/01/23"
"Brooklyn Nine-Nine: Season 8: Blue Flu","07/01/23"
"Glass Onion: A Knives Out Mystery","05/01/23"
"The Night Before","04/01/23"
"Emily in Paris: Season 3: Charade","28/12/22"
"Emily in Paris: Season 3: Love Is in the Air","28/12/22"
"Emily in Paris: Season 3: Fashion Victim","28/12/22"
"Emily in Paris: Season 3: How to Lose a Designer in 10 Days","28/12/22"
"Emily in Paris: Season 3: Ex-en-Provence","28/12/22"
"Emily in Paris: Season 3: Ooo La La Liste","24/12/22"
"Emily in Paris: Season 3: I Have Two Lovers","24/12/22"
"Emily in Paris: Season 3: Live From Paris, It’s Emily Cooper","24/12/22"
"Emily in Paris: Season 3: Coo D’état","23/12/22"
"Emily in Paris: Season 3: What's It All About...","22/12/22"
"Emily in Paris: Season 1: Emily in Paris","22/12/22"
"Happiest Season","22/12/22"
"Seinfeld: Season 2: The Revenge","20/12/22"
"Seinfeld: Season 2: The Statue","19/12/22"
"Seinfeld: Season 2: The Apartment","17/12/22"
"Seinfeld: Season 2: The Phone Message","16/12/22"
"Seinfeld: Season 2: The Jacket","16/12/22"
"Harry & Meghan: Limited Series: Episode 6","15/12/22"
"Harry & Meghan: Limited Series: Episode 5","15/12/22"
"Harry & Meghan: Limited Series: Episode 4","15/12/22"
"Seinfeld: Season 2: The Pony Remark","14/12/22"
"Seinfeld: Season 2: The Ex-Girlfriend","14/12/22"
"The Client List","14/12/22"
"The Trap","14/12/22"
"It's Complicated","13/12/22"
"Seinfeld: Season 1: The Stock Tip","13/12/22"
"Seinfeld: Season 1: Male Unbonding","12/12/22"
"Seinfeld: Season 1: The Robbery","11/12/22"
"Seinfeld: Season 1: The Stake Out","10/12/22"
"Seinfeld: Season 1: Seinfeld","10/12/22"
"The Office (U.S.): Season 7: Training Day","09/12/22"
"Harry & Meghan: Limited Series: Episode 3","09/12/22"
"Harry & Meghan: Limited Series: Episode 2","09/12/22"
"Harry & Meghan: Limited Series: Episode 1","09/12/22"
"The Office (U.S.): Season 7: Garage Sale","08/12/22"
"Schitt's Creek: Season 3: Driving Test","08/12/22"
"Too Hot to Handle: Season 4: The Mile Dry Club","08/12/22"
"Bridget Jones's Diary","07/12/22"
"Easy: Season 1: The F**king Study","07/12/22"
"Ram Dass, Going Home","07/12/22"
"Firefly Lane: Season 2: Wish You Were Here","07/12/22"
"Firefly Lane: Season 1: Hello Yellow Brick Road","07/12/22"
"Wednesday: Season 1: A Murder of Woes","06/12/22"
"Wednesday: Season 1: If You Don't Woe Me by Now","06/12/22"
"Wednesday: Season 1: Quid Pro Woe","05/12/22"
"Wednesday: Season 1: You Reap What You Woe","04/12/22"
"Wednesday: Season 1: Woe What a Night","04/12/22"
"Wednesday: Season 1: Friend or Woe","04/12/22"
"Wednesday: Season 1: Woe Is the Loneliest Number","03/12/22"
"Wednesday: Season 1: Wednesday's Child Is Full of Woe","02/12/22"
"Schitt's Creek: Season 3: New Car","30/11/22"
"Schitt's Creek: Season 3: The Throuple","28/11/22"
"Queen","28/11/22"
"Schitt's Creek: Season 3: Opening Night","27/11/22"
"Schitt's Creek: Season 2: Happy Anniversary","27/11/22"
"Schitt's Creek: Season 2: Lawn Signs","27/11/22"
"Schitt's Creek: Season 2: The Motel Guest","27/11/22"
"Schitt's Creek: Season 2: Ronnie's Party","27/11/22"
"Schitt's Creek: Season 2: Moira's Nudes","27/11/22"
"Schitt's Creek: Season 2: Milk Money","26/11/22"
"Schitt's Creek: Season 2: The Candidate","26/11/22"
"Schitt's Creek: Season 2: Moira vs. Town Council","26/11/22"
"Schitt's Creek: Season 2: Bob's Bagels","25/11/22"
"Schitt's Creek: Season 2: Estate Sale","25/11/22"
"Schitt's Creek: Season 2: Jazzagals","25/11/22"
"Schitt's Creek: Season 2: Family Dinner","24/11/22"
"Schitt's Creek: Season 2: Finding David","24/11/22"
"Schitt's Creek: Season 1: Town for Sale","24/11/22"
"Schitt's Creek: Season 1: Surprise Party","24/11/22"
"Schitt's Creek: Season 1: Little Sister","24/11/22"
"Schitt's Creek: Season 1: Honeymoon","24/11/22"
"Schitt's Creek: Season 1: Carl's Funeral","24/11/22"
"Schitt's Creek: Season 1: Allez-Vous","24/11/22"
"Schitt's Creek: Season 1: Turkey Shoot","24/11/22"
"Schitt's Creek: Season 1: Wine and Roses","24/11/22"
"The Office (U.S.): Season 7: Todd Packer","23/11/22"
"The Office (U.S.): Season 7: Threat Level Midnight","23/11/22"
"The Office (U.S.): Season 7: PDA","23/11/22"
"The Office (U.S.): Season 7: The Search","23/11/22"
"The Office (U.S.): Season 7: The Seminar","23/11/22"
"The Office (U.S.): Season 7: Ultimatum","23/11/22"
"The Office (U.S.): Season 7: Classy Christmas: Part 2","23/11/22"
"The Office (U.S.): Season 7: Classy Christmas: Part 1","23/11/22"
"The Office (U.S.): Season 7: China","23/11/22"
"Christmas with You","23/11/22"
"Blood, Sex & Royalty: Somebody Wants Me Dead","23/11/22"
"Blood, Sex & Royalty: Never Let Them See You Cry","23/11/22"
"Blood, Sex & Royalty: Boleyns For The Win","23/11/22"
"The Office (U.S.): Season 7: WUPHF.com","23/11/22"
"The Office (U.S.): Season 7: Viewing Party","23/11/22"
"Schitt's Creek: Season 1: The Cabin","22/11/22"
"Schitt's Creek: Season 1: Bad Parents","22/11/22"
"Schitt's Creek: Season 1: Don't Worry, It's His Sister","22/11/22"
"Schitt's Creek: Season 1: The Drip","22/11/22"
"Schitt's Creek: Season 1: Our Cup Runneth Over","22/11/22"
"The Office (U.S.): Season 7: Christening","22/11/22"
"The Office (U.S.): Season 7: Costume Contest","22/11/22"
"Knocked Up","22/11/22"
"The Office (U.S.): Season 7: The Sting","21/11/22"
"The Office (U.S.): Season 7: Sex Ed","21/11/22"
"The Office (U.S.): Season 7: Andy's Play","21/11/22"
"The Office (U.S.): Season 7: Counseling","21/11/22"
"The Office (U.S.): Season 7: Nepotism","20/11/22"
"The Office (U.S.): Season 6: Whistleblower","20/11/22"
"The Office (U.S.): Season 6: The Chump","20/11/22"
"The Office (U.S.): Season 6: The Cover-Up","20/11/22"
"The Wrong Missy","20/11/22"
"The Office (U.S.): Season 6: Body Language","20/11/22"
"The Office (U.S.): Season 6: Secretary's Day","20/11/22"
"The Office (U.S.): Season 6: Happy Hour","20/11/22"
"The Office (U.S.): Season 6: New Leads","20/11/22"
"The Office (U.S.): Season 6: St. Patrick's Day","20/11/22"
"The Office (U.S.): Season 6: Delivery: Part 2","19/11/22"
"The Office (U.S.): Season 6: Delivery: Part 1","18/11/22"
"The Office (U.S.): Season 6: Manager and the Salesman","18/11/22"
"The Office (U.S.): Season 6: Sabre","18/11/22"
"The Office (U.S.): Season 6: The Banker","18/11/22"
"The Office (U.S.): Season 6: Secret Santa","18/11/22"
"The Office (U.S.): Season 6: Scott's Tots","18/11/22"
"The Office (U.S.): Season 6: Shareholder Meeting","18/11/22"
"The Office (U.S.): Season 6: Murder","17/11/22"
"The Office (U.S.): Season 6: Double Date","17/11/22"
"Brooklyn Nine-Nine: Season 8: The Lake House","16/11/22"
"The Office (U.S.): Season 6: Koi Pond","16/11/22"
"The Office (U.S.): Season 6: The Lover","16/11/22"
"The Office (U.S.): Season 6: Mafia","16/11/22"
"The Office (U.S.): Season 6: Niagara: Part 2","16/11/22"
"The Office (U.S.): Season 6: Niagara: Part 1","16/11/22"
"The Office (U.S.): Season 6: The Promotion","16/11/22"
"Bridesmaids","15/11/22"
"The Office (U.S.): Season 6: The Meeting","14/11/22"
"The Office (U.S.): Season 6: Gossip","14/11/22"
"The Office (U.S.): Season 5: Company Picnic","14/11/22"
"The Office (U.S.): Season 5: Cafe Disco","14/11/22"
"Ancient Apocalypse: Once There Was a Flood","14/11/22"
"Death at a Funeral","13/11/22"
"The Office (U.S.): Season 5: Casual Friday","13/11/22"
"The Office (U.S.): Season 5: Broke","13/11/22"
"The Office (U.S.): Season 5: Heavy Competition","13/11/22"
"The Office (U.S.): Season 5: Lecture Circuit: Part 1","13/11/22"
"Falling for Christmas","11/11/22"
"The Big Short","10/11/22"
"The Office (U.S.): Season 5: Stress Relief: Part 2","09/11/22"
"The Office (U.S.): Season 5: Stress Relief: Part 1","09/11/22"
"The Office (U.S.): Season 5: The Surplus","09/11/22"
"The Office (U.S.): Season 5: Prince Family Paper","09/11/22"
"The Office (U.S.): Season 5: The Duel","09/11/22"
"The Office (U.S.): Season 5: Moroccan Christmas","09/11/22"
"Cobra Kai: Season 5: Ouroboros","09/11/22"
"Our Planet: One Planet","09/11/22"
"The Office (U.S.): Season 5: Frame Toby","09/11/22"
"The Office (U.S.): Season 5: Business Trip","09/11/22"
"The Office (U.S.): Season 5: Customer Survey","08/11/22"
"The Office (U.S.): Season 5: Employee Transfer","08/11/22"
"The Office (U.S.): Season 5: Crime Aid","08/11/22"
"The Office (U.S.): Season 5: Baby Shower","07/11/22"
"The Office (U.S.): Season 5: Business Ethics","07/11/22"
"The Office (U.S.): Season 5: Weight Loss: Part 2","07/11/22"
"The Office (U.S.): Season 5: Weight Loss: Part 1","07/11/22"
"The Office (U.S.): Season 4: Goodbye, Toby","07/11/22"
"The Office (U.S.): Season 4: Job Fair","06/11/22"
"The Office (U.S.): Season 4: Did I Stutter","06/11/22"
"The Office (U.S.): Season 4: Dinner Party","06/11/22"
"The Office (U.S.): Season 4: Night Out","06/11/22"
"The Office (U.S.): Season 4: The Chair Model","05/11/22"
"The Office (U.S.): Season 4: The Deposition","04/11/22"
"The Office (U.S.): Season 4: Survivor Man","04/11/22"
"The Office (U.S.): Season 4: Branch Wars","04/11/22"
"BLOCKBUSTER: Pilot","03/11/22"
"The Office (U.S.): Season 4: Local Ad","03/11/22"
"The Office (U.S.): Season 4: Money","03/11/22"
"Formula 1: Drive to Survive: Season 4: Clash of the Titans","03/11/22"
"The Office (U.S.): Season 4: Launch Party","03/11/22"
"The Office (U.S.): Season 4: Dunder Mifflin Infinity","02/11/22"
"The Office (U.S.): Season 4: Fun Run","02/11/22"
"The Office (U.S.): Season 3: The Job","02/11/22"
"The Office (U.S.): Season 3: Beach Games","01/11/22"
"The Office (U.S.): Season 3: Women's Appreciation","01/11/22"
"The Office (U.S.): Season 3: Product Recall","31/10/22"
"The Office (U.S.): Season 3: Safety Training","30/10/22"
"The Office (U.S.): Season 3: The Negotiation","30/10/22"
"The Office (U.S.): Season 3: Cocktails","29/10/22"
"The Office (U.S.): Season 3: Business School","29/10/22"
"The Office (U.S.): Season 3: Phyllis's Wedding","29/10/22"
"The Office (U.S.): Season 3: Ben Franklin","29/10/22"
"The Office (U.S.): Season 3: The Return","28/10/22"
"The Office (U.S.): Season 3: Traveling Salesmen","28/10/22"
"The Office (U.S.): Season 3: Back from Vacation","28/10/22"
"The Office (U.S.): Season 3: A Benihana Christmas","28/10/22"
"The Office (U.S.): Season 3: The Convict","26/10/22"
"The Office (U.S.): Season 3: The Merger","26/10/22"
"The Office (U.S.): Season 3: Branch Closing","26/10/22"
"The Office (U.S.): Season 3: Diwali","26/10/22"
"The Office (U.S.): Season 3: Initiation","26/10/22"
